bgcolor,id,name,cymk,rgb_percentage,hex,rgb_values
E0E1D9,RAL_110-2,RAL 110-2,"[0, 0, 8, 10]","[3, 3, 5, 0]",#E0E1D9,"[224, 225, 217]"
CACBC4,RAL_110-3,RAL 110-3,"[7, 6, 20, 15]","[5, 5, 5, 10]",#CACBC4,"[202, 203, 196]"
C7CDCA,RAL_110-4,RAL 110-4,"[10, 5, 13, 15]","[5, 5, 5, 7]",#C7CDCA,"[199, 205, 202]"
CAD2CD,RAL_110-5,RAL 110-5,"[13, 5, 14, 11]","[5, 5, 10, 0]",#CAD2CD,"[202, 210, 205]"
CACECC,RAL_110-6,RAL 110-6,"[17, 12, 15, 5]","[5, 5, 5, 3]",#CACECC,"[202, 206, 204]"
A2A7A9,RAL_110-M,RAL 110-M,"[0, 0, 3, 50]","[10, 10, 5, 20]",#A2A7A9,"[162, 167, 169]"
EDF0EE,RAL_120-1,RAL 120-1,"[0, 0, 3, 0]","[0, 0, 3, 0]",#EDF0EE,"[237, 240, 238]"
F4F6F0,RAL_120-2,RAL 120-2,"[0, 0, 5, 0]","[0, 0, 4, 0]",#F4F6F0,"[244, 246, 240]"
F0F1E7,RAL_120-3,RAL 120-3,"[0, 0, 6, 0]","[0, 0, 5, 0]",#F0F1E7,"[240, 241, 231]"
E8E8DA,RAL_120-4,RAL 120-4,"[3, 5, 14, 0]","[0, 3, 5, 0]",#E8E8DA,"[232, 232, 218]"
E3E0CB,RAL_120-5,RAL 120-5,"[0, 4, 18, 5]","[0, 3, 10, 3]",#E3E0CB,"[227, 224, 203]"
E8E8D4,RAL_120-6,RAL 120-6,"[0, 0, 17, 3]","[0, 3, 10, 0]",#E8E8D4,"[232, 232, 212]"
969891,RAL_120-M,RAL 120-M,"[29, 19, 35, 32]","[30, 30, 20, 10]",#969891,"[150, 152, 145]"
EDF5BF,RAL_130-1,RAL 130-1,"[3, 0, 38, 0]","[0, 0, 15, 0]",#EDF5BF,"[237, 245, 191]"
ECF5C7,RAL_130-2,RAL 130-2,"[3, 0, 30, 0]","[0, 0, 17, 0]",#ECF5C7,"[236, 245, 199]"
EBF4D1,RAL_130-3,RAL 130-3,"[3, 0, 25, 0]","[0, 0, 13, 0]",#EBF4D1,"[235, 244, 209]"
F5F6D3,RAL_130-4,RAL 130-4,"[0, 0, 24, 0]","[0, 0, 11, 0]",#F5F6D3,"[245, 246, 211]"
EBECC0,RAL_130-5,RAL 130-5,"[4, 3, 31, 0]","[0, 0, 10, 0]",#EBECC0,"[235, 236, 192]"
F5EEB4,RAL_130-6,RAL 130-6,"[0, 3, 40, 0]","[0, 3, 20, 0]",#F5EEB4,"[245, 238, 180]"
ADB49B,RAL_130-M,RAL 130-M,"[13, 7, 40, 40]","[10, 10, 20, 20]",#ADB49B,"[173, 180, 155]"
F6DCAE,RAL_140-1,RAL 140-1,"[0, 18, 40, 0]","[0, 9, 20, 0]",#F6DCAE,"[246, 220, 174]"
F6E4AB,RAL_140-2,RAL 140-2,"[0, 13, 40, 0]","[0, 10, 37, 0]",#F6E4AB,"[246, 228, 171]"
F9EBC4,RAL_140-3,RAL 140-3,"[0, 8, 30, 0]","[0, 7, 20, 0]",#F9EBC4,"[249, 235, 196]"
F6E7C3,RAL_140-4,RAL 140-4,"[0, 14, 36, 0]","[0, 5, 15, 0]",#F6E7C3,"[246, 231, 195]"
F5EACC,RAL_140-5,RAL 140-5,"[0, 7, 25, 0]","[0, 5, 10, 0]",#F5EACC,"[245, 234, 204]"
E2DABA,RAL_140-6,RAL 140-6,"[0, 7, 30, 9]","[0, 5, 10, 5]",#E2DABA,"[226, 218, 186]"
B6B197,RAL_140-M,RAL 140-M,"[0, 7, 40, 45]","[5, 10, 20, 10]",#B6B197,"[182, 177, 151]"
F6F4ED,RAL_150-1,RAL 150-1,"[0, 3, 5, 0]","[0, 3, 3, 0]",#F6F4ED,"[246, 244, 237]"
F5EFE8,RAL_150-2,RAL 150-2,"[0, 5, 7, 0]","[0, 4, 3, 0]",#F5EFE8,"[245, 239, 232]"
F0E6DD,RAL_150-3,RAL 150-3,"[0, 7, 10, 0]","[0, 5, 5, 3]",#F0E6DD,"[240, 230, 221]"
F8E8D9,RAL_150-4,RAL 150-4,"[0, 12, 15, 0]","[0, 5, 5, 0]",#F8E8D9,"[248, 232, 217]"
F5EEE1,RAL_150-5,RAL 150-5,"[0, 3, 15, 0]","[0, 4, 5, 0]",#F5EEE1,"[245, 238, 225]"
F7E3DB,RAL_150-6,RAL 150-6,"[0, 13, 15, 0]","[0, 8, 5, 0]",#F7E3DB,"[247, 227, 219]"
B5A79A,RAL_150-M,RAL 150-M,"[6, 26, 35, 40]","[0, 10, 10, 30]",#B5A79A,"[181, 167, 154]"
E9E4F0,RAL_160-1,RAL 160-1,"[7, 6, 0, 0]","[4, 4, 0, 0]",#E9E4F0,"[233, 228, 240]"
E9E5EE,RAL_160-2,RAL 160-2,"[7, 10, 4, 0]","[3, 4, 0, 0]",#E9E5EE,"[233, 229, 238]"
EFECEC,RAL_160-3,RAL 160-3,"[0, 3, 0, 0]","[0, 3, 0, 0]",#EFECEC,"[239, 236, 236]"
F0E4E6,RAL_160-4,RAL 160-4,"[0, 12, 3, 0]","[0, 6, 5, 0]",#F0E4E6,"[240, 228, 230]"
EEE8E4,RAL_160-5,RAL 160-5,"[0, 8, 6, 0]","[0, 5, 3, 0]",#EEE8E4,"[238, 232, 228]"
F0E6EE,RAL_160-6,RAL 160-6,"[0, 7, 0, 0]","[0, 5, 0, 0]",#F0E6EE,"[240, 230, 238]"
BAB0BD,RAL_160-M,RAL 160-M,"[28, 34, 15, 10]","[5, 10, 0, 13]",#BAB0BD,"[186, 176, 189]"
CACCD5,RAL_170-1,RAL 170-1,"[23, 17, 10, 0]","[5, 5, 0, 8]",#CACCD5,"[202, 204, 213]"
ACB0C4,RAL_170-2,RAL 170-2,"[32, 27, 11, 11]","[15, 15, 0, 10]",#ACB0C4,"[172, 176, 196]"
C0CADF,RAL_170-3,RAL 170-3,"[27, 15, 5, 0]","[10, 5, 0, 0]",#C0CADF,"[192, 202, 223]"
D4DCF2,RAL_170-4,RAL 170-4,"[18, 10, 0, 0]","[5, 3, 0, 0]",#D4DCF2,"[212, 220, 242]"
CBC8DC,RAL_170-5,RAL 170-5,"[17, 16, 0, 5]","[10, 10, 0, 0]",#CBC8DC,"[203, 200, 220]"
CBC7DB,RAL_170-6,RAL 170-6,"[20, 22, 5, 0]","[10, 13, 0, 0]",#CBC7DB,"[203, 199, 219]"
ACA9BA,RAL_170-M,RAL 170-M,"[27, 27, 10, 20]","[20, 20, 20, 10]",#ACA9BA,"[172, 169, 186]"
B3C0CB,RAL_180-1,RAL 180-1,"[34, 21, 15, 0]","[10, 4, 0, 10]",#B3C0CB,"[179, 192, 203]"
BFCEE2,RAL_180-2,RAL 180-2,"[28, 14, 5, 0]","[10, 3, 0, 0]",#BFCEE2,"[191, 206, 226]"
CDDDF0,RAL_180-3,RAL 180-3,"[22, 6, 0, 0]","[7, 3, 0, 0]",#CDDDF0,"[205, 221, 240]"
CCE3F1,RAL_180-4,RAL 180-4,"[23, 3, 5, 0]","[7, 0, 0, 0]",#CCE3F1,"[204, 227, 241]"
CAE0E6,RAL_180-5,RAL 180-5,"[26, 3, 10, 0]","[10, 0, 3, 0]",#CAE0E6,"[202, 224, 230]"
DDECF0,RAL_180-6,RAL 180-6,"[12, 0, 3, 0]","[3, 0, 0, 0]",#DDECF0,"[221, 236, 240]"
96A8AC,RAL_180-M,RAL 180-M,"[21, 5, 10, 43]","[20, 5, 5, 20]",#96A8AC,"[150, 168, 172]"
A9DDE6,RAL_190-1,RAL 190-1,"[37, 0, 13, 0]","[20, 0, 3, 0]",#A9DDE6,"[169, 221, 230]"
BDE7F7,RAL_190-2,RAL 190-2,"[27, 0, 3, 0]","[8, 0, 0, 0]",#BDE7F7,"[189, 231, 247]"
C3E2E8,RAL_190-3,RAL 190-3,"[27, 0, 8, 0]","[20, 0, 4, 0]",#C3E2E8,"[195, 226, 232]"
BDDEDE,RAL_190-4,RAL 190-4,"[33, 0, 14, 0]","[13, 0, 5, 0]",#BDDEDE,"[189, 222, 222]"
D6E8ED,RAL_190-5,RAL 190-5,"[17, 0, 4, 0]","[4, 0, 0, 0]",#D6E8ED,"[214, 232, 237]"
A4C6C5,RAL_190-6,RAL 190-6,"[38, 5, 20, 5]","[20, 0, 5, 8]",#A4C6C5,"[164, 198, 197]"
8FB5B4,RAL_190-M,RAL 190-M,"[54, 5, 35, 13]","[40, 10, 20, 0]",#8FB5B4,"[143, 181, 180]"
CECEB8,RAL_210-1,RAL 210-1,"[7, 10, 30, 14]","[10, 10, 20, 0]",#CECEB8,"[206, 206, 184]"
EAEDD8,RAL_210-2,RAL 210-2,"[3, 3, 19, 0]","[0, 0, 7, 0]",#EAEDD8,"[234, 237, 216]"
E3E9DE,RAL_210-3,RAL 210-3,"[0, 0, 8, 4]","[0, 0, 3, 7]",#E3E9DE,"[227, 233, 222]"
D7EAE8,RAL_210-4,RAL 210-4,"[15, 0, 8, 0]","[10, 0, 4, 0]",#D7EAE8,"[215, 234, 232]"
D9ECE6,RAL_210-5,RAL 210-5,"[16, 0, 9, 0]","[8, 0, 5, 0]",#D9ECE6,"[217, 236, 230]"
D6EEDA,RAL_210-6,RAL 210-6,"[13, 0, 21, 0]","[5, 0, 7, 0]",#D6EEDA,"[214, 238, 218]"
B2B9AA,RAL_210-M,RAL 210-M,"[7, 0, 16, 35]","[5, 0, 10, 30]",#B2B9AA,"[178, 185, 170]"
51C27A,RAL_220-1,RAL 220-1,"[58, 0, 71, 0]","[48, 0, 90, 0]",#51C27A,"[81, 194, 122]"
18A45D,RAL_220-2,RAL 220-2,"[86, 5, 90, 0]","[60, 0, 100, 0]",#18A45D,"[24, 164, 93]"
00774A,RAL_220-3,RAL 220-3,"[100, 24, 100, 20]","[100, 0, 100, 5]",#00774A,"[0, 119, 74]"
118D5F,RAL_220-4,RAL 220-4,"[96, 20, 100, 10]","[90, 0, 90, 5]",#118D5F,"[17, 141, 95]"
15865A,RAL_220-5,RAL 220-5,"[84, 0, 71, 30]","[85, 5, 90, 5]",#15865A,"[21, 134, 90]"
087058,RAL_220-6,RAL 220-6,"[100, 44, 90, 10]","[100, 0, 100, 20]",#087058,"[8, 112, 88]"
008752,RAL_220-M,RAL 220-M,"[100, 18, 100, 5]","[100, 0, 90, 5]",#008752,"[0, 135, 82]"
B2E5A0,RAL_230-1,RAL 230-1,"[37, 0, 60, 0]","[20, 0, 30, 0]",#B2E5A0,"[178, 229, 160]"
85D375,RAL_230-2,RAL 230-2,"[52, 0, 72, 0]","[30, 0, 90, 0]",#85D375,"[133, 211, 117]"
64C04E,RAL_230-3,RAL 230-3,"[66, 0, 100, 0]","[35, 0, 100, 0]",#64C04E,"[100, 192, 78]"
4AA245,RAL_230-4,RAL 230-4,"[73, 7, 100, 5]","[45, 0, 100, 5]",#4AA245,"[74, 162, 69]"
307343,RAL_230-5,RAL 230-5,"[87, 16, 100, 45]","[70, 0, 90, 20]",#307343,"[48, 115, 67]"
32663D,RAL_230-6,RAL 230-6,"[86, 20, 100, 60]","[60, 5, 100, 40]",#32663D,"[50, 102, 61]"
60B365,RAL_230-M,RAL 230-M,"[72, 0, 90, 10]","[50, 0, 100, 0]",#60B365,"[96, 179, 101]"
D2E094,RAL_240-1,RAL 240-1,"[17, 0, 50, 0]","[5, 0, 30, 0]",#D2E094,"[210, 224, 148]"
A0BC6C,RAL_240-2,RAL 240-2,"[33, 0, 70, 20]","[30, 0, 80, 5]",#A0BC6C,"[160, 188, 108]"
8AA25C,RAL_240-3,RAL 240-3,"[46, 7, 80, 25]","[30, 0, 90, 13]",#8AA25C,"[138, 162, 92]"
788A4D,RAL_240-4,RAL 240-4,"[61, 37, 90, 20]","[30, 5, 100, 25]",#788A4D,"[120, 138, 77]"
567846,RAL_240-5,RAL 240-5,"[57, 0, 88, 60]","[40, 0, 100, 40]",#567846,"[86, 120, 70]"
467840,RAL_240-6,RAL 240-6,"[88, 47, 100, 10]","[60, 0, 100, 10]",#467840,"[70, 120, 64]"
5E7E47,RAL_240-M,RAL 240-M,"[74, 32, 100, 25]","[40, 10, 100, 20]",#5E7E47,"[94, 126, 71]"
E8EFA8,RAL_250-1,RAL 250-1,"[4, 0, 45, 0]","[3, 0, 30, 0]",#E8EFA8,"[232, 239, 168]"
DBEB75,RAL_250-2,RAL 250-2,"[12, 0, 70, 0]","[4, 0, 100, 0]",#DBEB75,"[219, 235, 117]"
B2C614,RAL_250-3,RAL 250-3,"[31, 0, 100, 10]","[15, 0, 80, 5]",#B2C614,"[178, 198, 20]"
96B24A,RAL_250-4,RAL 250-4,"[36, 0, 90, 25]","[20, 0, 100, 5]",#96B24A,"[150, 178, 74]"
879D40,RAL_250-5,RAL 250-5,"[62, 32, 100, 0]","[30, 0, 100, 10]",#879D40,"[135, 157, 64]"
647036,RAL_250-6,RAL 250-6,"[27, 4, 90, 70]","[20, 0, 100, 55]",#647036,"[100, 112, 54]"
AFB95C,RAL_250-M,RAL 250-M,"[42, 20, 90, 10]","[5, 0, 100, 20]",#AFB95C,"[175, 185, 92]"
ECF1B8,RAL_260-1,RAL 260-1,"[0, 0, 39, 3]","[0, 0, 20, 0]",#ECF1B8,"[236, 241, 184]"
E8F088,RAL_260-2,RAL 260-2,"[4, 0, 64, 0]","[0, 0, 45, 0]",#E8F088,"[232, 240, 136]"
E8E250,RAL_260-3,RAL 260-3,"[5, 6, 90, 0]","[0, 0, 100, 0]",#E8E250,"[232, 226, 80]"
DECD2D,RAL_260-4,RAL 260-4,"[11, 14, 100, 0]","[0, 0, 100, 3]",#DECD2D,"[222, 205, 45]"
D6BE36,RAL_260-5,RAL 260-5,"[16, 28, 100, 0]","[0, 7, 100, 5]",#D6BE36,"[214, 190, 54]"
E4C126,RAL_260-6,RAL 260-6,"[0, 26, 100, 0]","[0, 11, 100, 0]",#E4C126,"[228, 193, 38]"
B7A35C,RAL_260-M,RAL 260-M,"[17, 31, 80, 10]","[5, 20, 100, 10]",#B7A35C,"[183, 163, 92]"
F7E987,RAL_270-1,RAL 270-1,"[0, 5, 64, 0]","[0, 3, 60, 0]",#F7E987,"[247, 233, 135]"
EFD843,RAL_270-2,RAL 270-2,"[0, 14, 93, 0]","[0, 5, 100, 0]",#EFD843,"[239, 216, 67]"
EACA25,RAL_270-3,RAL 270-3,"[5, 22, 100, 0]","[0, 10, 100, 0]",#EACA25,"[234, 202, 37]"
E0BF01,RAL_270-4,RAL 270-4,"[12, 29, 100, 0]","[0, 10, 100, 4]",#E0BF01,"[224, 191, 1]"
EDC500,RAL_270-5,RAL 270-5,"[7, 26, 100, 0]","[0, 10, 100, 3]",#EDC500,"[237, 197, 0]"
F4D24A,RAL_270-6,RAL 270-6,"[0, 17, 82, 0]","[0, 8, 100, 0]",#F4D24A,"[244, 210, 74]"
C09A3A,RAL_270-M,RAL 270-M,"[16, 34, 100, 15]","[0, 20, 100, 10]",#C09A3A,"[192, 154, 58]"
F4EC99,RAL_280-1,RAL 280-1,"[0, 7, 60, 0]","[0, 3, 30, 0]",#F4EC99,"[244, 236, 153]"
EADE95,RAL_280-2,RAL 280-2,"[6, 8, 50, 0]","[0, 4, 30, 0]",#EADE95,"[234, 222, 149]"
DCC87C,RAL_280-3,RAL 280-3,"[4, 17, 60, 7]","[0, 7, 50, 5]",#DCC87C,"[220, 200, 124]"
D0BC64,RAL_280-4,RAL 280-4,"[5, 17, 69, 8]","[5, 20, 100, 0]",#D0BC64,"[208, 188, 100]"
D7AE46,RAL_280-5,RAL 280-5,"[16, 43, 90, 0]","[0, 23, 100, 5]",#D7AE46,"[215, 174, 70]"
CAA345,RAL_280-6,RAL 280-6,"[8, 46, 90, 10]","[0, 33, 100, 5]",#CAA345,"[202, 163, 69]"
B89E59,RAL_280-M,RAL 280-M,"[22, 51, 90, 5]","[5, 20, 100, 8]",#B89E59,"[184, 158, 89]"
D1A659,RAL_290-1,RAL 290-1,"[7, 47, 80, 0]","[0, 25, 100, 5]",#D1A659,"[209, 166, 89]"
BD9244,RAL_290-2,RAL 290-2,"[12, 48, 90, 20]","[5, 40, 90, 5]",#BD9244,"[189, 146, 68]"
D3B666,RAL_290-3,RAL 290-3,"[16, 32, 70, 0]","[5, 20, 70, 0]",#D3B666,"[211, 182, 102]"
C89F2A,RAL_290-4,RAL 290-4,"[22, 47, 100, 10]","[0, 20, 100, 5]",#C89F2A,"[200, 159, 42]"
E0BE48,RAL_290-5,RAL 290-5,"[12, 32, 90, 0]","[0, 12, 90, 5]",#E0BE48,"[224, 190, 72]"
F6B919,RAL_290-6,RAL 290-6,"[0, 36, 100, 0]","[0, 20, 100, 0]",#F6B919,"[246, 185, 25]"
B99044,RAL_290-M,RAL 290-M,"[0, 43, 90, 25]","[0, 30, 100, 15]",#B99044,"[185, 144, 68]"
F1DEB8,RAL_310-1,RAL 310-1,"[0, 15, 36, 0]","[0, 8, 20, 0]",#F1DEB8,"[241, 222, 184]"
E6CC9C,RAL_310-2,RAL 310-2,"[4, 27, 45, 0]","[0, 10, 20, 0]",#E6CC9C,"[230, 204, 156]"
DBB779,RAL_310-3,RAL 310-3,"[0, 32, 60, 5]","[0, 20, 60, 0]",#DBB779,"[219, 183, 121]"
CD9F5E,RAL_310-4,RAL 310-4,"[0, 44, 80, 15]","[0, 30, 60, 5]",#CD9F5E,"[205, 159, 94]"
B8864B,RAL_310-5,RAL 310-5,"[17, 60, 90, 11]","[0, 40, 100, 13]",#B8864B,"[184, 134, 75]"
8F6538,RAL_310-6,RAL 310-6,"[0, 62, 90, 50]","[0, 45, 90, 20]",#8F6538,"[143, 101, 56]"
B68D60,RAL_310-M,RAL 310-M,"[22, 58, 80, 10]","[10, 50, 90, 5]",#B68D60,"[182, 141, 96]"
CEB673,RAL_320-1,RAL 320-1,"[11, 33, 70, 10]","[0, 10, 60, 10]",#CEB673,"[206, 182, 115]"
AD8B58,RAL_320-2,RAL 320-2,"[0, 43, 70, 30]","[10, 40, 100, 10]",#AD8B58,"[173, 139, 88]"
B49053,RAL_320-3,RAL 320-3,"[13, 47, 80, 15]","[5, 35, 100, 10]",#B49053,"[180, 144, 83]"
9D703D,RAL_320-4,RAL 320-4,"[13, 63, 90, 40]","[0, 43, 100, 25]",#9D703D,"[157, 112, 61]"
81583B,RAL_320-5,RAL 320-5,"[0, 72, 90, 60]","[0, 50, 100, 40]",#81583B,"[129, 88, 59]"
735036,RAL_320-6,RAL 320-6,"[42, 83, 100, 50]","[0, 55, 100, 40]",#735036,"[115, 80, 54]"
B7832E,RAL_320-M,RAL 320-M,"[10, 56, 100, 15]","[0, 30, 100, 13]",#B7832E,"[183, 131, 46]"
AA6F61,RAL_330-1,RAL 330-1,"[0, 66, 60, 35]","[10, 70, 70, 5]",#AA6F61,"[170, 111, 97]"
915440,RAL_330-2,RAL 330-2,"[48, 91, 100, 0]","[0, 70, 90, 20]",#915440,"[145, 84, 64]"
7C5648,RAL_330-3,RAL 330-3,"[22, 74, 70, 50]","[0, 70, 100, 50]",#7C5648,"[124, 86, 72]"
64483B,RAL_330-4,RAL 330-4,"[70, 92, 100, 30]","[0, 72, 100, 50]",#64483B,"[100, 72, 59]"
583F38,RAL_330-5,RAL 330-5,"[25, 88, 80, 83]","[0, 80, 70, 60]",#583F38,"[88, 63, 56]"
4F3F3C,RAL_330-6,RAL 330-6,"[54, 84, 80, 80]","[0, 100, 40, 90]",#4F3F3C,"[79, 63, 60]"
926B55,RAL_330-M,RAL 330-M,"[10, 64, 70, 40]","[5, 60, 100, 30]",#926B55,"[146, 107, 85]"
C2AAAF,RAL_340-1,RAL 340-1,"[26, 40, 25, 0]","[10, 30, 10, 0]",#C2AAAF,"[194, 170, 175]"
A89299,RAL_340-2,RAL 340-2,"[14, 43, 20, 30]","[20, 40, 10, 7]",#A89299,"[168, 146, 153]"
845C5B,RAL_340-3,RAL 340-3,"[8, 72, 45, 60]","[20, 80, 60, 20]",#845C5B,"[132, 92, 91]"
6F474C,RAL_340-4,RAL 340-4,"[37, 84, 50, 60]","[20, 100, 70, 40]",#6F474C,"[111, 71, 76]"
57383C,RAL_340-5,RAL 340-5,"[48, 94, 70, 70]","[10, 100, 70, 60]",#57383C,"[87, 56, 60]"
58363D,RAL_340-6,RAL 340-6,"[37, 93, 60, 70]","[0, 100, 30, 70]",#58363D,"[88, 54, 61]"
5D4048,RAL_340-M,RAL 340-M,"[40, 86, 50, 70]","[0, 100, 0, 90]",#5D4048,"[93, 64, 72]"
A23A30,RAL_350-1,RAL 350-1,"[36, 100, 100, 10]","[0, 87, 100, 5]",#A23A30,"[162, 58, 48]"
AB443C,RAL_350-2,RAL 350-2,"[0, 92, 90, 30]","[0, 83, 100, 5]",#AB443C,"[171, 68, 60]"
A54F3F,RAL_350-3,RAL 350-3,"[40, 93, 100, 0]","[0, 75, 100, 10]",#A54F3F,"[165, 79, 63]"
863C34,RAL_350-4,RAL 350-4,"[53, 100, 100, 10]","[0, 85, 100, 30]",#863C34,"[134, 60, 52]"
7E3C32,RAL_350-5,RAL 350-5,"[0, 94, 90, 60]","[0, 80, 100, 30]",#7E3C32,"[126, 60, 50]"
6A3F3A,RAL_350-6,RAL 350-6,"[74, 100, 100, 15]","[0, 90, 100, 50]",#6A3F3A,"[106, 63, 58]"
5B3837,RAL_350-M,RAL 350-M,"[25, 92, 80, 80]","[0, 90, 70, 60]",#5B3837,"[91, 56, 55]"
E08838,RAL_360-1,RAL 360-1,"[0, 67, 100, 0]","[0, 47, 100, 0]",#E08838,"[224, 136, 56]"
DB7F2F,RAL_360-2,RAL 360-2,"[0, 72, 100, 0]","[0, 50, 100, 0]",#DB7F2F,"[219, 127, 47]"
C86B29,RAL_360-3,RAL 360-3,"[0, 81, 100, 10]","[0, 58, 100, 5]",#C86B29,"[200, 107, 41]"
BB5E36,RAL_360-4,RAL 360-4,"[0, 82, 100, 20]","[0, 63, 100, 5]",#BB5E36,"[187, 94, 54]"
9C5A38,RAL_360-5,RAL 360-5,"[0, 81, 90, 40]","[0, 60, 100, 20]",#9C5A38,"[156, 90, 56]"
935A3E,RAL_360-6,RAL 360-6,"[36, 82, 90, 20]","[0, 56, 100, 30]",#935A3E,"[147, 90, 62]"
A76645,RAL_360-M,RAL 360-M,"[28, 80, 90, 10]","[0, 81, 100, 41]",#A76645,"[167, 102, 69]"
F9BC50,RAL_370-1,RAL 370-1,"[0, 44, 88, 0]","[0, 23, 100, 0]",#F9BC50,"[249, 188, 80]"
FEA942,RAL_370-2,RAL 370-2,"[0, 57, 91, 0]","[0, 33, 100, 0]",#FEA942,"[254, 169, 66]"
FB9E2B,RAL_370-3,RAL 370-3,"[0, 62, 100, 0]","[0, 36, 100, 0]",#FB9E2B,"[251, 158, 43]"
E68E2B,RAL_370-4,RAL 370-4,"[0, 64, 100, 0]","[0, 43, 100, 0]",#E68E2B,"[230, 142, 43]"
D4832E,RAL_370-5,RAL 370-5,"[8, 70, 100, 0]","[0, 45, 100, 0]",#D4832E,"[212, 131, 46]"
CD7722,RAL_370-6,RAL 370-6,"[4, 73, 100, 5]","[0, 48, 100, 0]",#CD7722,"[205, 119, 34]"
B48146,RAL_370-M,RAL 370-M,"[15, 62, 90, 10]","[5, 35, 100, 5]",#B48146,"[180, 129, 70]"
FFA92F,RAL_380-1,RAL 380-1,"[0, 56, 96, 0]","[0, 32, 100, 0]",#FFA92F,"[255, 169, 47]"
FB9F18,RAL_380-2,RAL 380-2,"[0, 59, 98, 0]","[0, 35, 100, 0]",#FB9F18,"[251, 159, 24]"
F8902B,RAL_380-3,RAL 380-3,"[0, 62, 99, 0]","[0, 40, 100, 0]",#F8902B,"[248, 144, 43]"
E37B2E,RAL_380-4,RAL 380-4,"[0, 71, 100, 0]","[0, 55, 100, 0]",#E37B2E,"[227, 123, 46]"
F5843B,RAL_380-5,RAL 380-5,"[0, 68, 100, 0]","[0, 53, 100, 0]",#F5843B,"[245, 132, 59]"
ED7432,RAL_380-6,RAL 380-6,"[0, 78, 100, 0]","[0, 58, 100, 0]",#ED7432,"[237, 116, 50]"
B0653E,RAL_380-M,RAL 380-M,"[0, 83, 100, 27]","[0, 60, 100, 5]",#B0653E,"[176, 101, 62]"
ED7F48,RAL_390-1,RAL 390-1,"[0, 67, 80, 0]","[0, 54, 100, 0]",#ED7F48,"[237, 127, 72]"
E76A35,RAL_390-2,RAL 390-2,"[0, 81, 100, 0]","[0, 59, 100, 0]",#E76A35,"[231, 106, 53]"
E45E28,RAL_390-3,RAL 390-3,"[0, 83, 100, 0]","[0, 63, 100, 0]",#E45E28,"[228, 94, 40]"
DE582C,RAL_390-4,RAL 390-4,"[0, 85, 100, 0]","[0, 65, 100, 0]",#DE582C,"[222, 88, 44]"
E05027,RAL_390-5,RAL 390-5,"[0, 92, 100, 3]","[0, 68, 100, 0]",#E05027,"[224, 80, 39]"
D26636,RAL_390-6,RAL 390-6,"[0, 83, 100, 5]","[0, 68, 100, 5]",#D26636,"[210, 102, 54]"
C07048,RAL_390-M,RAL 390-M,"[8, 81, 90, 5]","[0, 62, 100, 5]",#C07048,"[192, 112, 72]"
F0896C,RAL_410-1,RAL 410-1,"[0, 74, 70, 0]","[0, 55, 60, 0]",#F0896C,"[240, 137, 108]"
EE7A57,RAL_410-2,RAL 410-2,"[0, 72, 69, 0]","[0, 53, 70, 0]",#EE7A57,"[238, 122, 87]"
E86B48,RAL_410-3,RAL 410-3,"[0, 79, 80, 0]","[0, 63, 80, 0]",#E86B48,"[232, 107, 72]"
E06442,RAL_410-4,RAL 410-4,"[0, 84, 90, 0]","[0, 68, 80, 0]",#E06442,"[224, 100, 66]"
D65A40,RAL_410-5,RAL 410-5,"[0, 91, 98, 0]","[0, 72, 80, 0]",#D65A40,"[214, 90, 64]"
D4644C,RAL_410-6,RAL 410-6,"[0, 84, 80, 4]","[0, 74, 80, 0]",#D4644C,"[212, 100, 76]"
B15136,RAL_410-M,RAL 410-M,"[18, 92, 100, 10]","[0, 73, 100, 5]",#B15136,"[177, 81, 54]"
EEB4A0,RAL_420-1,RAL 420-1,"[0, 42, 40, 0]","[0, 27, 20, 0]",#EEB4A0,"[238, 180, 160]"
F4A48C,RAL_420-2,RAL 420-2,"[0, 53, 39, 0]","[0, 32, 20, 0]",#F4A48C,"[244, 164, 140]"
EC9374,RAL_420-3,RAL 420-3,"[0, 62, 60, 0]","[0, 47, 60, 0]",#EC9374,"[236, 147, 116]"
E86C4D,RAL_420-4,RAL 420-4,"[0, 84, 80, 0]","[0, 68, 90, 0]",#E86C4D,"[232, 108, 77]"
CF5E42,RAL_420-5,RAL 420-5,"[7, 90, 100, 0]","[0, 74, 100, 5]",#CF5E42,"[207, 94, 66]"
C2583C,RAL_420-6,RAL 420-6,"[10, 92, 100, 5]","[0, 69, 100, 5]",#C2583C,"[194, 88, 60]"
A8604D,RAL_420-M,RAL 420-M,"[10, 82, 80, 30]","[0, 79, 100, 20]",#A8604D,"[168, 96, 77]"
F4C8BB,RAL_430-1,RAL 430-1,"[0, 38, 33, 0]","[0, 19, 10, 0]",#F4C8BB,"[244, 200, 187]"
EFA092,RAL_430-2,RAL 430-2,"[0, 57, 41, 0]","[0, 47, 25, 0]",#EFA092,"[239, 160, 146]"
E9877A,RAL_430-3,RAL 430-3,"[0, 67, 54, 0]","[0, 56, 30, 0]",#E9877A,"[233, 135, 122]"
E46056,RAL_430-4,RAL 430-4,"[0, 86, 70, 0]","[0, 80, 93, 0]",#E46056,"[228, 96, 86]"
DD4846,RAL_430-5,RAL 430-5,"[0, 93, 80, 0]","[0, 87, 100, 0]",#DD4846,"[221, 72, 70]"
C44134,RAL_430-6,RAL 430-6,"[0, 100, 100, 16]","[0, 87, 100, 6]",#C44134,"[196, 65, 52]"
AE6460,RAL_430-M,RAL 430-M,"[7, 86, 70, 30]","[0, 80, 70, 15]",#AE6460,"[174, 100, 96]"
D13D46,RAL_440-1,RAL 440-1,"[8, 100, 90, 0]","[0, 93, 100, 0]",#D13D46,"[209, 61, 70]"
D95052,RAL_440-2,RAL 440-2,"[0, 95, 80, 0]","[0, 91, 100, 0]",#D95052,"[217, 80, 82]"
C04249,RAL_440-3,RAL 440-3,"[17, 100, 90, 5]","[0, 97, 100, 5]",#C04249,"[192, 66, 73]"
A33138,RAL_440-4,RAL 440-4,"[0, 100, 90, 37]","[0, 100, 100, 15]",#A33138,"[163, 49, 56]"
AC3938,RAL_440-5,RAL 440-5,"[28, 100, 100, 0]","[0, 91, 100, 5]",#AC3938,"[172, 57, 56]"
BE3C34,RAL_440-6,RAL 440-6,"[6, 100, 100, 10]","[0, 88, 100, 5]",#BE3C34,"[190, 60, 52]"
A12D3A,RAL_440-M,RAL 440-M,"[6, 100, 90, 31]","[3, 100, 100, 5]",#A12D3A,"[161, 45, 58]"
F7CAD0,RAL_450-1,RAL 450-1,"[0, 33, 15, 0]","[0, 24, 5, 0]",#F7CAD0,"[247, 202, 208]"
F3A8B0,RAL_450-2,RAL 450-2,"[0, 52, 24, 0]","[0, 38, 10, 0]",#F3A8B0,"[243, 168, 176]"
E67E88,RAL_450-3,RAL 450-3,"[0, 74, 40, 0]","[0, 70, 25, 0]",#E67E88,"[230, 126, 136]"
CE5B69,RAL_450-4,RAL 450-4,"[0, 88, 50, 5]","[0, 83, 40, 0]",#CE5B69,"[206, 91, 105]"
B7363A,RAL_450-5,RAL 450-5,"[27, 100, 100, 0]","[3, 100, 100, 0]",#B7363A,"[183, 54, 58]"
C3272F,RAL_450-6,RAL 450-6,"[4, 100, 100, 11]","[0, 98, 100, 0]",#C3272F,"[195, 39, 47]"
AD2536,RAL_450-M,RAL 450-M,"[13, 100, 100, 20]","[0, 99, 100, 0]",#AD2536,"[173, 37, 54]"
F5A7AC,RAL_460-1,RAL 460-1,"[0, 54, 26, 0]","[0, 30, 13, 0]",#F5A7AC,"[245, 167, 172]"
EA838F,RAL_460-2,RAL 460-2,"[0, 74, 38, 0]","[0, 63, 23, 0]",#EA838F,"[234, 131, 143]"
E7666F,RAL_460-3,RAL 460-3,"[0, 84, 56, 0]","[0, 90, 67, 0]",#E7666F,"[231, 102, 111]"
DA555C,RAL_460-4,RAL 460-4,"[0, 91, 70, 0]","[0, 86, 60, 0]",#DA555C,"[218, 85, 92]"
AE3E46,RAL_460-5,RAL 460-5,"[23, 100, 90, 15]","[0, 100, 100, 20]",#AE3E46,"[174, 62, 70]"
932535,RAL_460-6,RAL 460-6,"[13, 100, 80, 40]","[3, 100, 100, 20]",#932535,"[147, 37, 53]"
B44A56,RAL_460-M,RAL 460-M,"[8, 94, 70, 20]","[0, 100, 99, 5]",#B44A56,"[180, 74, 86]"
F5B5C8,RAL_470-1,RAL 470-1,"[0, 44, 15, 0]","[0, 34, 5, 0]",#F5B5C8,"[245, 181, 200]"
EF8EA3,RAL_470-2,RAL 470-2,"[0, 64, 25, 0]","[0, 62, 15, 0]",#EF8EA3,"[239, 142, 163]"
E67689,RAL_470-3,RAL 470-3,"[0, 78, 40, 0]","[0, 80, 38, 0]",#E67689,"[230, 118, 137]"
D24E6D,RAL_470-4,RAL 470-4,"[7, 93, 45, 0]","[0, 98, 30, 0]",#D24E6D,"[210, 78, 109]"
B62F55,RAL_470-5,RAL 470-5,"[12, 100, 60, 20]","[7, 100, 60, 0]",#B62F55,"[182, 47, 85]"
A62849,RAL_470-6,RAL 470-6,"[7, 100, 60, 35]","[7, 100, 70, 5]",#A62849,"[166, 40, 73]"
B45365,RAL_470-M,RAL 470-M,"[22, 93, 60, 15]","[5, 100, 77, 5]",#B45365,"[180, 83, 101]"
F8CDCE,RAL_480-1,RAL 480-1,"[0, 28, 15, 0]","[0, 20, 8, 0]",#F8CDCE,"[248, 205, 206]"
F5C4C3,RAL_480-2,RAL 480-2,"[0, 36, 20, 0]","[0, 22, 10, 0]",#F5C4C3,"[245, 196, 195]"
F2BEC2,RAL_480-3,RAL 480-3,"[0, 38, 20, 0]","[0, 25, 10, 0]",#F2BEC2,"[242, 190, 194]"
F4A8B7,RAL_480-4,RAL 480-4,"[0, 52, 20, 0]","[0, 43, 10, 0]",#F4A8B7,"[244, 168, 183]"
F093A4,RAL_480-5,RAL 480-5,"[0, 63, 30, 0]","[0, 55, 20, 0]",#F093A4,"[240, 147, 164]"
E26F88,RAL_480-6,RAL 480-6,"[0, 82, 35, 0]","[0, 77, 20, 0]",#E26F88,"[226, 111, 136]"
B78388,RAL_480-M,RAL 480-M,"[23, 69, 40, 20]","[10, 75, 30, 10]",#B78388,"[183, 131, 136]"
F4D3D4,RAL_490-1,RAL 490-1,"[0, 32, 15, 0]","[0, 15, 7, 0]",#F4D3D4,"[244, 211, 212]"
F9CEC8,RAL_490-2,RAL 490-2,"[0, 28, 20, 0]","[0, 21, 10, 0]",#F9CEC8,"[249, 206, 200]"
ECA098,RAL_490-3,RAL 490-3,"[0, 57, 40, 0]","[0, 43, 20, 0]",#ECA098,"[236, 160, 152]"
C88280,RAL_490-4,RAL 490-4,"[8, 62, 40, 15]","[5, 77, 30, 0]",#C88280,"[200, 130, 128]"
C48493,RAL_490-5,RAL 490-5,"[14, 63, 30, 10]","[5, 63, 20, 10]",#C48493,"[196, 132, 147]"
D8A2AF,RAL_490-6,RAL 490-6,"[12, 48, 21, 0]","[0, 35, 7, 5]",#D8A2AF,"[216, 162, 175]"
AF8892,RAL_490-M,RAL 490-M,"[12, 66, 25, 40]","[5, 40, 10, 10]",#AF8892,"[175, 136, 146]"
F1C9E1,RAL_510-1,RAL 510-1,"[0, 29, 0, 0]","[0, 17, 0, 0]",#F1C9E1,"[241, 201, 225]"
EAA4D0,RAL_510-2,RAL 510-2,"[3, 48, 0, 0]","[3, 41, 0, 0]",#EAA4D0,"[234, 164, 208]"
E083B5,RAL_510-3,RAL 510-3,"[9, 73, 0, 0]","[4, 65, 0, 0]",#E083B5,"[224, 131, 181]"
CE6292,RAL_510-4,RAL 510-4,"[16, 84, 10, 0]","[3, 90, 5, 5]",#CE6292,"[206, 98, 146]"
C4467E,RAL_510-5,RAL 510-5,"[22, 93, 30, 0]","[0, 99, 0, 5]",#C4467E,"[196, 70, 126]"
A43C71,RAL_510-6,RAL 510-6,"[12, 94, 5, 40]","[3, 100, 0, 30]",#A43C71,"[164, 60, 113]"
A0427E,RAL_510-M,RAL 510-M,"[30, 94, 10, 25]","[22, 100, 0, 5]",#A0427E,"[160, 66, 126]"
F4D4E4,RAL_520-1,RAL 520-1,"[0, 27, 5, 0]","[0, 13, 0, 0]",#F4D4E4,"[244, 212, 228]"
F0BCDA,RAL_520-2,RAL 520-2,"[3, 41, 0, 0]","[0, 27, 0, 0]",#F0BCDA,"[240, 188, 218]"
E4A6C7,RAL_520-3,RAL 520-3,"[5, 56, 5, 0]","[3, 40, 0, 0]",#E4A6C7,"[228, 166, 199]"
C4739A,RAL_520-4,RAL 520-4,"[17, 76, 15, 10]","[10, 80, 5, 0]",#C4739A,"[196, 115, 154]"
A84F75,RAL_520-5,RAL 520-5,"[17, 84, 20, 30]","[3, 100, 5, 20]",#A84F75,"[168, 79, 117]"
9A5676,RAL_520-6,RAL 520-6,"[38, 84, 35, 20]","[5, 95, 0, 30]",#9A5676,"[154, 86, 118]"
B76BA0,RAL_520-M,RAL 520-M,"[23, 76, 0, 15]","[20, 85, 5, 0]",#B76BA0,"[183, 107, 160]"
9E4B56,RAL_530-1,RAL 530-1,"[18, 93, 60, 35]","[0, 100, 62, 20]",#9E4B56,"[158, 75, 86]"
964657,RAL_530-2,RAL 530-2,"[33, 94, 60, 20]","[3, 100, 60, 30]",#964657,"[150, 70, 87]"
803F50,RAL_530-3,RAL 530-3,"[19, 94, 50, 50]","[0, 100, 10, 35]",#803F50,"[128, 63, 80]"
853754,RAL_530-4,RAL 530-4,"[59, 100, 70, 0]","[0, 98, 5, 40]",#853754,"[133, 55, 84]"
6E2E48,RAL_530-5,RAL 530-5,"[0, 96, 15, 70]","[3, 100, 5, 40]",#6E2E48,"[110, 46, 72]"
6C3454,RAL_530-6,RAL 530-6,"[46, 98, 20, 60]","[20, 100, 0, 43]",#6C3454,"[108, 52, 84]"
6F3D4F,RAL_530-M,RAL 530-M,"[45, 93, 60, 50]","[25, 100, 30, 30]",#6F3D4F,"[111, 61, 79]"
DBC1DB,RAL_540-1,RAL 540-1,"[12, 29, 0, 0]","[5, 17, 0, 0]",#DBC1DB,"[219, 193, 219]"
C8A2C7,RAL_540-2,RAL 540-2,"[22, 49, 5, 0]","[7, 30, 0, 5]",#C8A2C7,"[200, 162, 199]"
8A6189,RAL_540-3,RAL 540-3,"[41, 72, 5, 40]","[47, 90, 5, 0]",#8A6189,"[138, 97, 137]"
A36B9E,RAL_540-4,RAL 540-4,"[47, 78, 10, 0]","[30, 65, 0, 0]",#A36B9E,"[163, 107, 158]"
8E5884,RAL_540-5,RAL 540-5,"[34, 82, 5, 35]","[43, 100, 5, 0]",#8E5884,"[142, 88, 132]"
613459,RAL_540-6,RAL 540-6,"[58, 100, 10, 50]","[38, 100, 0, 40]",#613459,"[97, 52, 89]"
754568,RAL_540-M,RAL 540-M,"[72, 94, 40, 40]","[35, 100, 0, 50]",#754568,"[117, 69, 104]"
E5D4DF,RAL_550-1,RAL 550-1,"[3, 18, 5, 0]","[3, 10, 0, 0]",#E5D4DF,"[229, 212, 223]"
D5BECF,RAL_550-2,RAL 550-2,"[5, 27, 0, 11]","[5, 21, 0, 0]",#D5BECF,"[213, 190, 207]"
BB94AE,RAL_550-3,RAL 550-3,"[7, 42, 0, 35]","[47, 47, 5, 0]",#BB94AE,"[187, 148, 174]"
A3788F,RAL_550-4,RAL 550-4,"[37, 73, 30, 15]","[10, 55, 0, 30]",#A3788F,"[163, 120, 143]"
92657E,RAL_550-5,RAL 550-5,"[21, 74, 20, 45]","[20, 88, 5, 30]",#92657E,"[146, 101, 126]"
805369,RAL_550-6,RAL 550-6,"[6, 71, 10, 60]","[10, 100, 6, 50]",#805369,"[128, 83, 105]"
B8A0A8,RAL_550-M,RAL 550-M,"[37, 52, 35, 5]","[20, 40, 10, 6]",#B8A0A8,"[184, 160, 168]"
D2BFCD,RAL_560-1,RAL 560-1,"[12, 31, 5, 15]","[5, 15, 0, 0]",#D2BFCD,"[210, 191, 205]"
B89FB2,RAL_560-2,RAL 560-2,"[6, 32, 0, 40]","[11, 30, 0, 10]",#B89FB2,"[184, 159, 178]"
947388,RAL_560-3,RAL 560-3,"[16, 52, 5, 50]","[30, 62, 10, 10]",#947388,"[148, 115, 136]"
7E5A69,RAL_560-4,RAL 560-4,"[36, 72, 35, 50]","[42, 100, 40, 20]",#7E5A69,"[126, 90, 105]"
8D7888,RAL_560-5,RAL 560-5,"[46, 61, 30, 25]","[40, 66, 20, 10]",#8D7888,"[141, 120, 136]"
847387,RAL_560-6,RAL 560-6,"[36, 51, 20, 45]","[20, 40, 0, 40]",#847387,"[132, 115, 135]"
B29CAE,RAL_560-M,RAL 560-M,"[4, 39, 0, 40]","[5, 30, 0, 20]",#B29CAE,"[178, 156, 174]"
D9CFEC,RAL_570-1,RAL 570-1,"[15, 14, 0, 0]","[7, 10, 0, 0]",#D9CFEC,"[217, 207, 236]"
CDBFE8,RAL_570-2,RAL 570-2,"[26, 28, 0, 0]","[8, 11, 0, 0]",#CDBFE8,"[205, 191, 232]"
BAABE1,RAL_570-3,RAL 570-3,"[35, 36, 0, 0]","[25, 20, 0, 0]",#BAABE1,"[186, 171, 225]"
AC98D4,RAL_570-4,RAL 570-4,"[48, 43, 0, 0]","[30, 35, 0, 0]",#AC98D4,"[172, 152, 212]"
9275B8,RAL_570-5,RAL 570-5,"[58, 58, 0, 0]","[45, 60, 0, 0]",#9275B8,"[146, 117, 184]"
8867A1,RAL_570-6,RAL 570-6,"[64, 74, 10, 0]","[40, 35, 0, 0]",#8867A1,"[136, 103, 161]"
9070AC,RAL_570-M,RAL 570-M,"[64, 79, 5, 0]","[51, 70, 0, 0]",#9070AC,"[144, 112, 172]"
C8D0EB,RAL_580-1,RAL 580-1,"[20, 14, 0, 0]","[7, 5, 0, 0]",#C8D0EB,"[200, 208, 235]"
C5C8E6,RAL_580-2,RAL 580-2,"[19, 14, 0, 5]","[12, 8, 0, 0]",#C5C8E6,"[197, 200, 230]"
B0B3D7,RAL_580-3,RAL 580-3,"[36, 32, 5, 0]","[20, 15, 0, 0]",#B0B3D7,"[176, 179, 215]"
7774A0,RAL_580-4,RAL 580-4,"[50, 43, 0, 35]","[72, 70, 5, 0]",#7774A0,"[119, 116, 160]"
4F5475,RAL_580-5,RAL 580-5,"[90, 82, 45, 12]","[90, 70, 0, 31]",#4F5475,"[79, 84, 117]"
3A3A5D,RAL_580-6,RAL 580-6,"[93, 78, 0, 70]","[100, 90, 0, 41]",#3A3A5D,"[58, 58, 93]"
7F819C,RAL_580-M,RAL 580-M,"[50, 46, 20, 30]","[44, 40, 0, 30]",#7F819C,"[127, 129, 156]"
786EA2,RAL_590-1,RAL 590-1,"[70, 63, 15, 0]","[66, 70, 5, 0]",#786EA2,"[120, 110, 162]"
58467E,RAL_590-2,RAL 590-2,"[81, 85, 0, 40]","[95, 100, 0, 0]",#58467E,"[88, 70, 126]"
453A73,RAL_590-3,RAL 590-3,"[97, 100, 40, 0]","[100, 98, 0, 0]",#453A73,"[69, 58, 115]"
3B3764,RAL_590-4,RAL 590-4,"[100, 94, 40, 25]","[100, 91, 0, 30]",#3B3764,"[59, 55, 100]"
333562,RAL_590-5,RAL 590-5,"[100, 88, 20, 52]","[100, 95, 0, 30]",#333562,"[51, 53, 98]"
3A3C82,RAL_590-6,RAL 590-6,"[100, 83, 0, 20]","[100, 78, 0, 0]",#3A3C82,"[58, 60, 130]"
44426E,RAL_590-M,RAL 590-M,"[90, 88, 20, 50]","[100, 90, 0, 31]",#44426E,"[68, 66, 110]"
7890B2,RAL_610-1,RAL 610-1,"[48, 23, 5, 30]","[44, 20, 0, 10]",#7890B2,"[120, 144, 178]"
6D7E9C,RAL_610-2,RAL 610-2,"[69, 49, 20, 20]","[50, 19, 0, 30]",#6D7E9C,"[109, 126, 156]"
7B96C0,RAL_610-3,RAL 610-3,"[66, 34, 5, 15]","[35, 10, 0, 5]",#7B96C0,"[123, 150, 192]"
96B1DD,RAL_610-4,RAL 610-4,"[48, 24, 0, 0]","[35, 10, 0, 0]",#96B1DD,"[150, 177, 221]"
6176B6,RAL_610-5,RAL 610-5,"[78, 51, 0, 10]","[75, 40, 0, 0]",#6176B6,"[97, 118, 182]"
5868A0,RAL_610-6,RAL 610-6,"[80, 56, 5, 25]","[100, 55, 0, 5]",#5868A0,"[88, 104, 160]"
8CA0C1,RAL_610-M,RAL 610-M,"[46, 18, 0, 30]","[35, 19, 0, 5]",#8CA0C1,"[140, 160, 193]"
476990,RAL_620-1,RAL 620-1,"[84, 46, 15, 35]","[87, 20, 0, 40]",#476990,"[71, 105, 144]"
6C94B2,RAL_620-2,RAL 620-2,"[72, 29, 20, 5]","[58, 10, 5, 5]",#6C94B2,"[108, 148, 178]"
6B8697,RAL_620-3,RAL 620-3,"[44, 14, 10, 50]","[52, 10, 5, 30]",#6B8697,"[107, 134, 151]"
465F71,RAL_620-4,RAL 620-4,"[90, 62, 50, 24]","[100, 60, 30, 10]",#465F71,"[70, 95, 113]"
283D56,RAL_620-5,RAL 620-5,"[92, 44, 3, 81]","[100, 90, 60, 0]",#283D56,"[40, 61, 86]"
31394C,RAL_620-6,RAL 620-6,"[90, 66, 24, 86]","[100, 100, 60, 10]",#31394C,"[49, 57, 76]"
243E54,RAL_620-M,RAL 620-M,"[100, 38, 15, 90]","[100, 75, 40, 10]",#243E54,"[36, 62, 84]"
6AA0D8,RAL_630-1,RAL 630-1,"[71, 24, 0, 5]","[60, 13, 0, 0]",#6AA0D8,"[106, 160, 216]"
566C94,RAL_630-2,RAL 630-2,"[80, 55, 25, 20]","[100, 60, 5, 10]",#566C94,"[86, 108, 148]"
415277,RAL_630-3,RAL 630-3,"[90, 72, 35, 35]","[100, 54, 0, 30]",#415277,"[65, 82, 119]"
424E74,RAL_630-4,RAL 630-4,"[90, 73, 30, 35]","[100, 51, 0, 30]",#424E74,"[66, 78, 116]"
343C5E,RAL_630-5,RAL 630-5,"[90, 64, 5, 70]","[100, 73, 5, 50]",#343C5E,"[52, 60, 94]"
323E5E,RAL_630-6,RAL 630-6,"[100, 90, 45, 41]","[90, 63, 0, 50]",#323E5E,"[50, 62, 94]"
384764,RAL_630-M,RAL 630-M,"[100, 91, 50, 45]","[100, 66, 10, 40]",#384764,"[56, 71, 100]"
5F9FCC,RAL_640-1,RAL 640-1,"[74, 24, 5, 15]","[67, 5, 0, 5]",#5F9FCC,"[95, 159, 204]"
3884BC,RAL_640-2,RAL 640-2,"[90, 41, 15, 0]","[100, 13, 0, 5]",#3884BC,"[56, 132, 188]"
2C76B3,RAL_640-3,RAL 640-3,"[90, 39, 5, 20]","[92, 20, 0, 5]",#2C76B3,"[44, 118, 179]"
1A5A94,RAL_640-4,RAL 640-4,"[100, 41, 0, 50]","[100, 45, 5, 10]",#1A5A94,"[26, 90, 148]"
275291,RAL_640-5,RAL 640-5,"[100, 63, 0, 40]","[100, 54, 0, 10]",#275291,"[39, 82, 145]"
224E84,RAL_640-6,RAL 640-6,"[100, 73, 11, 30]","[100, 36, 0, 30]",#224E84,"[34, 78, 132]"
0C4B8C,RAL_640-M,RAL 640-M,"[100, 53, 0, 31]","[100, 48, 0, 30]",#0C4B8C,"[12, 75, 140]"
75B4DE,RAL_650-1,RAL 650-1,"[62, 8, 0, 5]","[44, 0, 0, 5]",#75B4DE,"[117, 180, 222]"
0E74A7,RAL_650-2,RAL 650-2,"[100, 34, 11, 25]","[100, 18, 5, 5]",#0E74A7,"[14, 116, 167]"
15699E,RAL_650-3,RAL 650-3,"[100, 44, 11, 25]","[100, 18, 0, 20]",#15699E,"[21, 105, 158]"
115480,RAL_650-4,RAL 650-4,"[100, 29, 0, 61]","[100, 38, 0, 30]",#115480,"[17, 84, 128]"
385E80,RAL_650-5,RAL 650-5,"[90, 48, 35, 41]","[100, 36, 5, 30]",#385E80,"[56, 94, 128]"
2C4F6B,RAL_650-6,RAL 650-6,"[90, 43, 20, 68]","[100, 60, 21, 10]",#2C4F6B,"[44, 79, 107]"
0072A3,RAL_650-M,RAL 650-M,"[100, 31, 14, 40]","[100, 26, 10, 0]",#0072A3,"[0, 114, 163]"
0C93B8,RAL_660-1,RAL 660-1,"[93, 23, 30, 0]","[86, 0, 10, 0]",#0C93B8,"[12, 147, 184]"
358EAF,RAL_660-2,RAL 660-2,"[80, 11, 15, 30]","[100, 23, 10, 5]",#358EAF,"[53, 142, 175]"
5BA6C0,RAL_660-3,RAL 660-3,"[73, 9, 20, 5]","[58, 5, 10, 0]",#5BA6C0,"[91, 166, 192]"
58B8D6,RAL_660-4,RAL 660-4,"[72, 6, 10, 0]","[53, 0, 5, 0]",#58B8D6,"[88, 184, 214]"
74C3DA,RAL_660-5,RAL 660-5,"[58, 3, 16, 0]","[44, 0, 5, 0]",#74C3DA,"[116, 195, 218]"
92CADD,RAL_660-6,RAL 660-6,"[47, 3, 15, 0]","[38, 0, 5, 0]",#92CADD,"[146, 202, 221]"
6CA1B4,RAL_660-M,RAL 660-M,"[70, 17, 30, 10]","[54, 0, 5, 20]",#6CA1B4,"[108, 161, 180]"
98D4F0,RAL_670-1,RAL 670-1,"[49, 0, 6, 0]","[23, 0, 3, 0]",#98D4F0,"[152, 212, 240]"
A0DAF5,RAL_670-2,RAL 670-2,"[43, 0, 6, 0]","[21, 0, 3, 0]",#A0DAF5,"[160, 218, 245]"
96C6DD,RAL_670-3,RAL 670-3,"[47, 0, 5, 10]","[36, 5, 5, 0]",#96C6DD,"[150, 198, 221]"
77BCDA,RAL_670-4,RAL 670-4,"[60, 6, 11, 0]","[56, 3, 5, 0]",#77BCDA,"[119, 188, 218]"
6AB9DC,RAL_670-5,RAL 670-5,"[68, 7, 10, 0]","[63, 0, 5, 0]",#6AB9DC,"[106, 185, 220]"
68C0EE,RAL_670-6,RAL 670-6,"[66, 3, 7, 0]","[44, 0, 0, 0]",#68C0EE,"[104, 192, 238]"
81ACBF,RAL_670-M,RAL 670-M,"[50, 3, 10, 25]","[44, 10, 5, 10]",#81ACBF,"[129, 172, 191]"
7AACBF,RAL_680-1,RAL 680-1,"[52, 0, 11, 20]","[53, 0, 5, 10]",#7AACBF,"[122, 172, 191]"
4992AB,RAL_680-2,RAL 680-2,"[80, 18, 24, 15]","[90, 10, 17, 0]",#4992AB,"[73, 146, 171]"
32748C,RAL_680-3,RAL 680-3,"[84, 12, 25, 50]","[100, 22, 20, 10]",#32748C,"[50, 116, 140]"
397793,RAL_680-4,RAL 680-4,"[80, 32, 30, 30]","[100, 22, 15, 10]",#397793,"[57, 119, 147]"
216B8D,RAL_680-5,RAL 680-5,"[86, 21, 20, 50]","[100, 17, 5, 25]",#216B8D,"[33, 107, 141]"
105C7C,RAL_680-6,RAL 680-6,"[100, 34, 35, 50]","[100, 23, 10, 30]",#105C7C,"[16, 92, 124]"
285270,RAL_680-M,RAL 680-M,"[92, 43, 20, 70]","[100, 33, 10, 30]",#285270,"[40, 82, 112]"
4FBFD2,RAL_690-1,RAL 690-1,"[70, 0, 21, 0]","[43, 0, 10, 0]",#4FBFD2,"[79, 191, 210]"
26A3B6,RAL_690-2,RAL 690-2,"[83, 6, 30, 9]","[83, 0, 20, 0]",#26A3B6,"[38, 163, 182]"
168396,RAL_690-3,RAL 690-3,"[94, 8, 37, 30]","[100, 13, 30, 5]",#168396,"[22, 131, 150]"
016D84,RAL_690-4,RAL 690-4,"[100, 21, 41, 42]","[100, 33, 27, 10]",#016D84,"[1, 109, 132]"
14586A,RAL_690-5,RAL 690-5,"[100, 24, 41, 60]","[100, 44, 30, 0]",#14586A,"[20, 88, 106]"
16576D,RAL_690-6,RAL 690-6,"[100, 64, 60, 20]","[100, 54, 40, 0]",#16576D,"[22, 87, 109]"
00687C,RAL_690-M,RAL 690-M,"[100, 12, 50, 50]","[100, 27, 30, 0]",#00687C,"[0, 104, 124]"
7BD4D6,RAL_710-1,RAL 710-1,"[54, 0, 26, 0]","[32, 0, 10, 0]",#7BD4D6,"[123, 212, 214]"
0DACB2,RAL_710-2,RAL 710-2,"[93, 0, 45, 0]","[66, 0, 25, 0]",#0DACB2,"[13, 172, 178]"
1D8E94,RAL_710-3,RAL 710-3,"[91, 12, 50, 15]","[92, 0, 30, 0]",#1D8E94,"[29, 142, 148]"
107780,RAL_710-4,RAL 710-4,"[100, 38, 60, 5]","[100, 13, 30, 0]",#107780,"[16, 119, 128]"
025F6A,RAL_710-5,RAL 710-5,"[100, 33, 60, 50]","[100, 33, 50, 0]",#025F6A,"[2, 95, 106]"
235050,RAL_710-6,RAL 710-6,"[100, 81, 80, 10]","[100, 13, 50, 50]",#235050,"[35, 80, 80]"
006E7A,RAL_710-M,RAL 710-M,"[100, 21, 60, 30]","[100, 17, 40, 10]",#006E7A,"[0, 110, 122]"
C0E7E4,RAL_720-1,RAL 720-1,"[28, 0, 15, 0]","[14, 0, 5, 0]",#C0E7E4,"[192, 231, 228]"
A6E6E1,RAL_720-2,RAL 720-2,"[32, 0, 22, 0]","[14, 0, 7, 0]",#A6E6E1,"[166, 230, 225]"
8AD6DB,RAL_720-3,RAL 720-3,"[53, 0, 24, 0]","[27, 0, 7, 0]",#8AD6DB,"[138, 214, 219]"
5FC0C8,RAL_720-4,RAL 720-4,"[67, 0, 30, 0]","[33, 0, 13, 0]",#5FC0C8,"[95, 192, 200]"
4294A6,RAL_720-5,RAL 720-5,"[83, 12, 35, 20]","[80, 0, 11, 5]",#4294A6,"[66, 148, 166]"
2C808E,RAL_720-6,RAL 720-6,"[96, 30, 45, 18]","[96, 20, 30, 0]",#2C808E,"[44, 128, 142]"
4EA0AA,RAL_720-M,RAL 720-M,"[82, 18, 40, 10]","[90, 11, 30, 5]",#4EA0AA,"[78, 160, 170]"
CAEBE8,RAL_730-1,RAL 730-1,"[24, 0, 11, 0]","[12, 0, 5, 0]",#CAEBE8,"[202, 235, 232]"
9AD7DB,RAL_730-2,RAL 730-2,"[44, 0, 22, 0]","[27, 0, 10, 0]",#9AD7DB,"[154, 215, 219]"
7DBCC1,RAL_730-3,RAL 730-3,"[64, 6, 35, 0]","[56, 0, 10, 5]",#7DBCC1,"[125, 188, 193]"
7EBEBB,RAL_730-4,RAL 730-4,"[52, 0, 30, 9]","[43, 0, 20, 0]",#7EBEBB,"[126, 190, 187]"
7AB0B3,RAL_730-5,RAL 730-5,"[52, 3, 30, 20]","[48, 5, 20, 0]",#7AB0B3,"[122, 176, 179]"
468B86,RAL_730-6,RAL 730-6,"[76, 0, 45, 40]","[74, 10, 40, 0]",#468B86,"[70, 139, 134]"
6CAA9E,RAL_730-M,RAL 730-M,"[58, 0, 45, 25]","[63, 7, 40, 0]",#6CAA9E,"[108, 170, 158]"
C2E2D5,RAL_740-1,RAL 740-1,"[26, 0, 25, 0]","[13, 0, 10, 0]",#C2E2D5,"[194, 226, 213]"
B0DCD0,RAL_740-2,RAL 740-2,"[32, 0, 25, 0]","[28, 0, 10, 0]",#B0DCD0,"[176, 220, 208]"
93C9BA,RAL_740-3,RAL 740-3,"[52, 5, 34, 0]","[33, 0, 20, 0]",#93C9BA,"[147, 201, 186]"
498A7C,RAL_740-4,RAL 740-4,"[78, 5, 60, 40]","[76, 16, 60, 0]",#498A7C,"[73, 138, 124]"
037466,RAL_740-5,RAL 740-5,"[93, 11, 70, 40]","[98, 0, 70, 20]",#037466,"[3, 116, 102]"
03645A,RAL_740-6,RAL 740-6,"[100, 49, 80, 20]","[100, 20, 70, 11]",#03645A,"[3, 100, 90]"
427A6C,RAL_740-M,RAL 740-M,"[78, 10, 62, 50]","[100, 7, 80, 30]",#427A6C,"[66, 122, 108]"
BEDCCE,RAL_750-1,RAL 750-1,"[27, 0, 25, 0]","[16, 0, 10, 0]",#BEDCCE,"[190, 220, 206]"
8EBAA8,RAL_750-2,RAL 750-2,"[47, 0, 40, 15]","[34, 0, 20, 3]",#8EBAA8,"[142, 186, 168]"
3E7C69,RAL_750-3,RAL 750-3,"[83, 25, 70, 25]","[100, 13, 90, 10]",#3E7C69,"[62, 124, 105]"
214D42,RAL_750-4,RAL 750-4,"[91, 20, 80, 80]","[100, 22, 100, 50]",#214D42,"[33, 77, 66]"
395C54,RAL_750-5,RAL 750-5,"[83, 45, 70, 44]","[100, 20, 80, 30]",#395C54,"[57, 92, 84]"
38494A,RAL_750-6,RAL 750-6,"[90, 82, 80, 71]","[100, 30, 50, 70]",#38494A,"[56, 73, 74]"
21483E,RAL_750-M,RAL 750-M,"[90, 0, 70, 84]","[100, 0, 70, 62]",#21483E,"[33, 72, 62]"
D0EAD0,RAL_760-1,RAL 760-1,"[17, 0, 30, 0]","[7, 0, 21, 0]",#D0EAD0,"[208, 234, 208]"
B3D4B0,RAL_760-2,RAL 760-2,"[34, 3, 40, 0]","[18, 0, 20, 0]",#B3D4B0,"[179, 212, 176]"
ACC7A3,RAL_760-3,RAL 760-3,"[22, 0, 40, 14]","[18, 0, 20, 5]",#ACC7A3,"[172, 199, 163]"
86A380,RAL_760-4,RAL 760-4,"[43, 7, 60, 25]","[34, 0, 30, 30]",#86A380,"[134, 163, 128]"
688664,RAL_760-5,RAL 760-5,"[59, 17, 70, 35]","[42, 0, 60, 20]",#688664,"[104, 134, 100]"
4A6D52,RAL_760-6,RAL 760-6,"[79, 37, 80, 35]","[64, 10, 100, 30]",#4A6D52,"[74, 109, 82]"
406246,RAL_760-M,RAL 760-M,"[88, 32, 100, 61]","[82, 5, 100, 50]",#406246,"[64, 98, 70]"
96A68B,RAL_770-1,RAL 770-1,"[22, 3, 45, 40]","[32, 20, 30, 0]",#96A68B,"[150, 166, 139]"
A8B198,RAL_770-2,RAL 770-2,"[13, 6, 40, 40]","[16, 5, 30, 20]",#A8B198,"[168, 177, 152]"
7A7F62,RAL_770-3,RAL 770-3,"[27, 15, 60, 60]","[17, 10, 50, 50]",#7A7F62,"[122, 127, 98]"
82816E,RAL_770-4,RAL 770-4,"[32, 24, 50, 50]","[10, 14, 30, 50]",#82816E,"[130, 129, 110]"
B4B5A6,RAL_770-5,RAL 770-5,"[5, 5, 25, 35]","[10, 7, 20, 10]",#B4B5A6,"[180, 181, 166]"
818A7B,RAL_770-6,RAL 770-6,"[37, 21, 45, 45]","[20, 7, 20, 40]",#818A7B,"[129, 138, 123]"
868C69,RAL_770-M,RAL 770-M,"[15, 14, 60, 50]","[22, 20, 50, 20]",#868C69,"[134, 140, 105]"
E7E4D1,RAL_780-1,RAL 780-1,"[3, 5, 20, 0]","[0, 3, 11, 0]",#E7E4D1,"[231, 228, 209]"
E4DDBD,RAL_780-2,RAL 780-2,"[3, 10, 35, 0]","[0, 4, 10, 3]",#E4DDBD,"[228, 221, 189]"
DACDA0,RAL_780-3,RAL 780-3,"[12, 27, 45, 5]","[0, 4, 20, 5]",#DACDA0,"[218, 205, 160]"
CCBA8C,RAL_780-4,RAL 780-4,"[14, 30, 60, 10]","[8, 20, 30, 0]",#CCBA8C,"[204, 186, 140]"
A3967F,RAL_780-5,RAL 780-5,"[12, 31, 45, 45]","[10, 22, 40, 30]",#A3967F,"[163, 150, 127]"
767165,RAL_780-6,RAL 780-6,"[48, 50, 60, 35]","[16, 30, 40, 50]",#767165,"[118, 113, 101]"
AEA984,RAL_780-M,RAL 780-M,"[12, 12, 50, 35]","[20, 22, 50, 0]",#AEA984,"[174, 169, 132]"
475256,RAL_790-1,RAL 790-1,"[24, 0, 15, 90]","[100, 50, 50, 61]",#475256,"[71, 82, 86]"
444B51,RAL_790-2,RAL 790-2,"[35, 19, 10, 90]","[100, 30, 20, 91]",#444B51,"[68, 75, 81]"
3E4346,RAL_790-3,RAL 790-3,"[46, 36, 30, 90]","[100, 40, 40, 91]",#3E4346,"[62, 67, 70]"
3C3E42,RAL_790-4,RAL 790-4,"[83, 80, 70, 60]","[100, 50, 40, 91]",#3C3E42,"[60, 62, 66]"
2F3235,RAL_790-5,RAL 790-5,"[90, 84, 70, 90]","[100, 60, 40, 90]",#2F3235,"[47, 50, 53]"
30313B,RAL_790-6,RAL 790-6,"[80, 66, 30, 90]","[100, 20, 0, 99]",#30313B,"[48, 49, 59]"
393A37,RAL_790-M,RAL 790-M,"[33, 43, 50, 100]","[100, 90, 90, 99]",#393A37,"[57, 58, 55]"
9CA3AA,RAL_810-1,RAL 810-1,"[24, 14, 15, 40]","[20, 7, 5, 30]",#9CA3AA,"[156, 163, 170]"
8E9AA0,RAL_810-2,RAL 810-2,"[33, 16, 15, 45]","[40, 31, 20, 0]",#8E9AA0,"[142, 154, 160]"
7E8E94,RAL_810-3,RAL 810-3,"[45, 24, 30, 40]","[45, 5, 5, 60]",#7E8E94,"[126, 142, 148]"
63717B,RAL_810-4,RAL 810-4,"[69, 49, 45, 30]","[48, 5, 5, 60]",#63717B,"[99, 113, 123]"
566065,RAL_810-5,RAL 810-5,"[32, 6, 10, 80]","[76, 10, 10, 80]",#566065,"[86, 96, 101]"
424A50,RAL_810-6,RAL 810-6,"[46, 19, 20, 90]","[100, 60, 50, 71]",#424A50,"[66, 74, 80]"
545A5D,RAL_810-M,RAL 810-M,"[11, 0, 5, 90]","[80, 61, 40, 50]",#545A5D,"[84, 90, 93]"
C7CCCE,RAL_820-1,RAL 820-1,"[10, 7, 10, 15]","[0, 0, 0, 13]",#C7CCCE,"[199, 204, 206]"
AEB4BA,RAL_820-2,RAL 820-2,"[11, 6, 5, 40]","[11, 11, 5, 10]",#AEB4BA,"[174, 180, 186]"
91999C,RAL_820-3,RAL 820-3,"[34, 23, 25, 35]","[41, 31, 10, 20]",#91999C,"[145, 153, 156]"
828B91,RAL_820-4,RAL 820-4,"[18, 7, 5, 60]","[20, 7, 5, 40]",#828B91,"[130, 139, 145]"
585D66,RAL_820-5,RAL 820-5,"[45, 23, 15, 80]","[70, 70, 60, 12]",#585D66,"[88, 93, 102]"
4D525A,RAL_820-6,RAL 820-6,"[23, 10, 0, 90]","[43, 60, 10, 70]",#4D525A,"[77, 82, 90]"
9D9E9C,RAL_820-M,RAL 820-M,"[30, 25, 30, 30]","[10, 10, 7, 30]",#9D9E9C,"[157, 158, 156]"
BAC1C0,RAL_830-1,RAL 830-1,"[19, 11, 15, 15]","[5, 5, 5, 13]",#BAC1C0,"[186, 193, 192]"
A7ADAA,RAL_830-2,RAL 830-2,"[35, 25, 30, 15]","[10, 5, 5, 12]",#A7ADAA,"[167, 173, 170]"
919897,RAL_830-3,RAL 830-3,"[41, 26, 35, 30]","[20, 10, 5, 33]",#919897,"[145, 152, 151]"
707676,RAL_830-4,RAL 830-4,"[9, 3, 15, 70]","[40, 31, 30, 41]",#707676,"[112, 118, 118]"
575E5D,RAL_830-5,RAL 830-5,"[32, 17, 25, 80]","[50, 40, 30, 61]",#575E5D,"[87, 94, 93]"
5D666A,RAL_830-6,RAL 830-6,"[22, 0, 5, 80]","[48, 38, 20, 50]",#5D666A,"[93, 102, 106]"
868683,RAL_830-M,RAL 830-M,"[20, 18, 20, 60]","[30, 30, 20, 13]",#868683,"[134, 134, 131]"
E4E8DE,RAL_840-1,RAL 840-1,"[0, 0, 15, 3]","[0, 0, 5, 3]",#E4E8DE,"[228, 232, 222]"
D6DAD2,RAL_840-2,RAL 840-2,"[0, 0, 10, 12]","[5, 5, 7, 0]",#D6DAD2,"[214, 218, 210]"
B7BAAE,RAL_840-3,RAL 840-3,"[12, 12, 25, 30]","[0, 0, 6, 20]",#B7BAAE,"[183, 186, 174]"
83887E,RAL_840-4,RAL 840-4,"[41, 31, 45, 40]","[10, 5, 17, 50]",#83887E,"[131, 136, 126]"
5D665D,RAL_840-5,RAL 840-5,"[62, 47, 60, 50]","[28, 5, 40, 70]",#5D665D,"[93, 102, 93]"
4C4C41,RAL_840-6,RAL 840-6,"[42, 35, 50, 83]","[11, 20, 80, 90]",#4C4C41,"[76, 76, 65]"
5B5B56,RAL_840-M,RAL 840-M,"[22, 22, 35, 90]","[0, 20, 27, 90]",#5B5B56,"[91, 91, 86]"
C3C7BF,RAL_850-1,RAL 850-1,"[0, 0, 10, 27]","[7, 5, 10, 10]",#C3C7BF,"[195, 199, 191]"
B3B8B1,RAL_850-2,RAL 850-2,"[0, 0, 11, 39]","[12, 5, 10, 20]",#B3B8B1,"[179, 184, 177]"
A7ACA6,RAL_850-3,RAL 850-3,"[26, 16, 25, 25]","[9, 5, 10, 30]",#A7ACA6,"[167, 172, 166]"
92948D,RAL_850-4,RAL 850-4,"[29, 26, 40, 40]","[9, 9, 10, 40]",#92948D,"[146, 148, 141]"
6E7069,RAL_850-5,RAL 850-5,"[21, 18, 30, 70]","[5, 5, 20, 68]",#6E7069,"[110, 112, 105]"
525552,RAL_850-6,RAL 850-6,"[11, 13, 25, 90]","[40, 40, 90, 91]",#525552,"[82, 85, 82]"
7A7A75,RAL_850-M,RAL 850-M,"[44, 44, 45, 50]","[5, 5, 10, 71]",#7A7A75,"[122, 122, 117]"
D9DEE0,RAL_860-1,RAL 860-1,"[7, 4, 5, 0]","[5, 5, 3, 0]",#D9DEE0,"[217, 222, 224]"
D1D5D9,RAL_860-2,RAL 860-2,"[11, 7, 5, 10]","[7, 7, 5, 0]",#D1D5D9,"[209, 213, 217]"
C4C7CB,RAL_860-3,RAL 860-3,"[23, 16, 15, 5]","[10, 10, 5, 3]",#C4C7CB,"[196, 199, 203]"
9EA0A2,RAL_860-4,RAL 860-4,"[11, 11, 10, 45]","[20, 20, 10, 19]",#9EA0A2,"[158, 160, 162]"
7D8181,RAL_860-5,RAL 860-5,"[21, 14, 20, 60]","[17, 10, 5, 50]",#7D8181,"[125, 129, 129]"
5F6667,RAL_860-6,RAL 860-6,"[29, 21, 25, 70]","[40, 5, 10, 69]",#5F6667,"[95, 102, 103]"
B0AEAC,RAL_860-M,RAL 860-M,"[41, 32, 35, 10]","[5, 5, 6, 20]",#B0AEAC,"[176, 174, 172]"
D5D4D5,RAL_870-1,RAL 870-1,"[11, 13, 10, 10]","[3, 3, 5, 5]",#D5D4D5,"[213, 212, 213]"
9A9A9A,RAL_870-2,RAL 870-2,"[37, 31, 35, 30]","[20, 20, 10, 22]",#9A9A9A,"[154, 154, 154]"
68696D,RAL_870-3,RAL 870-3,"[24, 29, 20, 70]","[10, 5, 0, 73]",#68696D,"[104, 105, 109]"
575558,RAL_870-4,RAL 870-4,"[0, 17, 10, 90]","[30, 10, 0, 88]",#575558,"[87, 85, 88]"
535254,RAL_870-5,RAL 870-5,"[17, 29, 25, 90]","[70, 70, 60, 81]",#535254,"[83, 82, 84]"
484546,RAL_870-6,RAL 870-6,"[29, 46, 30, 90]","[50, 90, 70, 91]",#484546,"[72, 69, 70]"
635D5E,RAL_870-M,RAL 870-M,"[27, 36, 35, 80]","[10, 30, 10, 91]",#635D5E,"[99, 93, 94]"
